{"warm_start": false, "C": 1.0, "classes_": [0, 1], "n_jobs": 1, "verbose": 0, "fit_intercept": true, "max_iter": 100, "class_weight": null, "n_iter_": [6], "intercept_": [-0.6080224392052834], "penalty": "l2", "multi_class": "ovr", "random_state": null, "dual": false, "tol": 0.0001, "coef_": [[-0.47596713684711905, -0.3222503601819499, 0.018871978714939074, 0.10300762608771466, -0.07158871119550698, -0.07568604289565352, -0.3485781334041961, 0.17355669404628793, 1.1835381183539104, 0.11936856371828711, 0.012174579053271968, -0.11267507960274559, 0.29774217843507, 0.09959777050950917, -0.33971462156941606]], "solver": "liblinear", "intercept_scaling": 1}