{"warm_start": false, "C": 1.0, "classes_": [0, 1], "n_jobs": 1, "verbose": 0, "fit_intercept": true, "max_iter": 100, "class_weight": null, "n_iter_": [6], "intercept_": [-0.6315695348616069], "penalty": "l2", "multi_class": "ovr", "random_state": null, "dual": false, "tol": 0.0001, "coef_": [[-0.529720978841973, -0.3861227318895801, -0.022886997575701593, 0.09311855230590417, -0.16341960509485584, -0.07281834241100345, -0.3934001556775702, 0.16669202259158156, 1.2573950504049858, 0.1700816160696549, 0.005729167021523864, -0.15372352452438387, 0.33328012026632886, 0.03372056694035317, -0.317926742469425]], "solver": "liblinear", "intercept_scaling": 1}