{"mean_": [30.20825057077746, 0.4813753581661891, 0.38013371537726837, 31.854110219675263, 0.20057306590257878, 0.0009551098376313276, 0.7831900668576887, 0.0019102196752626551, 0.3524355300859599, 0.20152817574021012, 0.09837631327602674, 0.7000955109837631, 0.23782234957020057, 0.22063037249283668, 0.5415472779369628], "with_mean": true, "var_": [165.52638400454632, 0.9296913271100675, 0.7494811664563964, 2293.5149634421405, 0.16034351113701859, 0.0009541976028293874, 0.16980338603313785, 0.0019065707360548954, 0.22822472721898843, 0.1609145701230331, 0.08869841426224377, 0.20996178648414673, 0.18126287961510992, 0.1719526112265088, 0.24827382369602877], "scale_": [12.865705732859986, 0.9642050233793991, 0.8657258032751458, 47.89065632711814, 0.40042915869978624, 0.03089008907124399, 0.4120720641260917, 0.0436642958955586, 0.4777287171805652, 0.4011415836372902, 0.29782279003166257, 0.45821587323459967, 0.42574978522027457, 0.41467169089112993, 0.4982708336798661], "with_std": true, "n_samples_seen_": 1047, "copy": true}