{"mean_": [29.84257918773104, 0.5023877745940784, 0.3839541547277937, 33.56439379178605, 0.19675262655205347, 0.0, 0.7707736389684814, 0.0019102196752626551, 0.36103151862464183, 0.21203438395415472, 0.09837631327602674, 0.6895893027698186, 0.2492836676217765, 0.21012416427889208, 0.5405921680993314], "with_mean": true, "var_": [162.9597833672374, 1.0885807359727935, 0.6911656445075711, 2680.399605604651, 0.15804103049692167, 0.0, 0.17668163643976648, 0.0019065707360548954, 0.23068776118422676, 0.1670758039753368, 0.08869841426224377, 0.21405589627525412, 0.18714132067881215, 0.16597199986498928, 0.2483522758889956], "scale_": [12.76557023274861, 1.0433507252946124, 0.8313637257588108, 51.772575806160646, 0.3975437466454751, 1.0, 0.42033514775684233, 0.0436642958955586, 0.48029965769738664, 0.40874907214003164, 0.29782279003166257, 0.46266175147212474, 0.43259833642631146, 0.4073966124859033, 0.49834955191009817], "with_std": true, "n_samples_seen_": 1047, "copy": true}