{"mean_": [29.553137686935813, 0.5071633237822349, 0.40114613180515757, 33.8992752626552, 0.20916905444126074, 0.0009551098376313276, 0.7831900668576887, 0.0019102196752626551, 0.3553008595988539, 0.2072588347659981, 0.09455587392550144, 0.6981852913085005, 0.2349570200573066, 0.2148997134670487, 0.5501432664756447], "with_mean": true, "var_": [165.26382945226104, 1.130559957088475, 0.7769996414917226, 2961.4691092789967, 0.16541736110540964, 0.0009541976028293875, 0.16980338603313785, 0.0019065707360548954, 0.22906215876716945, 0.16430261017743886, 0.08561506063168613, 0.21072259030896479, 0.179752218783097, 0.16871782661882906, 0.24748565282715254], "scale_": [12.855498024279768, 1.0632779303119553, 0.8814758314847451, 54.41938174289558, 0.4067153317806075, 0.030890089071243992, 0.4120720641260917, 0.0436642958955586, 0.4786043864896868, 0.40534258372078164, 0.2926005137242348, 0.4590453031117569, 0.4239719551846525, 0.41075275606966904, 0.4974792988930821], "with_std": true, "n_samples_seen_": 1047, "copy": true}